{
  "candies": [
    {
      "name": "j4ts",
      "version": "0.2.0-SNAPSHOT",
      "lastUpdateTimestamp": 1473055002000,
      "modelVersion": "unknown",
      "transpilerVersion": "1.1.1",
      "jsOutputDirPath": "D:\\android_unilua\\jsweet-quickstart\\webapp",
      "jsDirPath": "META-INF/resources/webjars/j4ts/0.2.0-SNAPSHOT",
      "jsFilesPaths": [
        "META-INF/resources/webjars/j4ts/0.2.0-SNAPSHOT/.tsc-rootfile.js",
        "META-INF/resources/webjars/j4ts/0.2.0-SNAPSHOT/bundle.js"
      ]
    },
    {
      "name": "jsweet-core",
      "version": "1.1.0-SNAPSHOT",
      "lastUpdateTimestamp": 1464105706000,
      "modelVersion": "unknown",
      "transpilerVersion": "1.1.0",
      "jsOutputDirPath": "D:\\android_unilua\\jsweet-quickstart\\webapp",
      "jsDirPath": "META-INF/resources/webjars/jsweet-core/1.1.0-SNAPSHOT",
      "jsFilesPaths": []
    },
    {
      "name": "sprintf-js",
      "version": "0.0.0-SNAPSHOT",
      "lastUpdateTimestamp": 1469489056000,
      "modelVersion": "unknown",
      "transpilerVersion": "1.2.0",
      "jsOutputDirPath": "D:\\android_unilua\\jsweet-quickstart\\webapp",
      "jsDirPath": "META-INF/resources/webjars/sprintf-js/0.0.0-SNAPSHOT",
      "jsFilesPaths": []
    },
    {
      "name": "jquery",
      "version": "1.10.0-SNAPSHOT",
      "lastUpdateTimestamp": 1468681526000,
      "modelVersion": "unknown",
      "transpilerVersion": "1.2.0",
      "jsOutputDirPath": "D:\\android_unilua\\jsweet-quickstart\\webapp",
      "jsDirPath": "META-INF/resources/webjars/jquery/1.10.0-SNAPSHOT",
      "jsFilesPaths": [
        "META-INF/resources/webjars/jquery/1.10.0-SNAPSHOT/jquery.js",
        "META-INF/resources/webjars/jquery/1.10.0-SNAPSHOT/jquery-migrate.min.js",
        "META-INF/resources/webjars/jquery/1.10.0-SNAPSHOT/jquery.min.js",
        "META-INF/resources/webjars/jquery/1.10.0-SNAPSHOT/test/jquery.js",
        "META-INF/resources/webjars/jquery/1.10.0-SNAPSHOT/test/unit/selector.js",
        "META-INF/resources/webjars/jquery/1.10.0-SNAPSHOT/test/unit/ajax.js",
        "META-INF/resources/webjars/jquery/1.10.0-SNAPSHOT/test/unit/dimensions.js",
        "META-INF/resources/webjars/jquery/1.10.0-SNAPSHOT/test/unit/manipulation.js",
        "META-INF/resources/webjars/jquery/1.10.0-SNAPSHOT/test/unit/effects.js",
        "META-INF/resources/webjars/jquery/1.10.0-SNAPSHOT/test/unit/traversing.js",
        "META-INF/resources/webjars/jquery/1.10.0-SNAPSHOT/test/unit/offset.js",
        "META-INF/resources/webjars/jquery/1.10.0-SNAPSHOT/test/unit/core.js",
        "META-INF/resources/webjars/jquery/1.10.0-SNAPSHOT/test/unit/wrap.js",
        "META-INF/resources/webjars/jquery/1.10.0-SNAPSHOT/test/unit/deferred.js",
        "META-INF/resources/webjars/jquery/1.10.0-SNAPSHOT/test/unit/exports.js",
        "META-INF/resources/webjars/jquery/1.10.0-SNAPSHOT/test/unit/data.js",
        "META-INF/resources/webjars/jquery/1.10.0-SNAPSHOT/test/unit/callbacks.js",
        "META-INF/resources/webjars/jquery/1.10.0-SNAPSHOT/test/unit/queue.js",
        "META-INF/resources/webjars/jquery/1.10.0-SNAPSHOT/test/unit/event.js",
        "META-INF/resources/webjars/jquery/1.10.0-SNAPSHOT/test/unit/deprecated.js",
        "META-INF/resources/webjars/jquery/1.10.0-SNAPSHOT/test/unit/css.js",
        "META-INF/resources/webjars/jquery/1.10.0-SNAPSHOT/test/unit/attributes.js",
        "META-INF/resources/webjars/jquery/1.10.0-SNAPSHOT/test/unit/support.js",
        "META-INF/resources/webjars/jquery/1.10.0-SNAPSHOT/test/unit/serialize.js",
        "META-INF/resources/webjars/jquery/1.10.0-SNAPSHOT/test/data/test.js",
        "META-INF/resources/webjars/jquery/1.10.0-SNAPSHOT/test/data/readywaitasset.js",
        "META-INF/resources/webjars/jquery/1.10.0-SNAPSHOT/test/data/testrunner.js",
        "META-INF/resources/webjars/jquery/1.10.0-SNAPSHOT/test/data/support/csp.js",
        "META-INF/resources/webjars/jquery/1.10.0-SNAPSHOT/test/data/readywaitloader.js",
        "META-INF/resources/webjars/jquery/1.10.0-SNAPSHOT/test/data/jquery-1.9.1.ajax_xhr.min.js",
        "META-INF/resources/webjars/jquery/1.10.0-SNAPSHOT/test/data/badjson.js",
        "META-INF/resources/webjars/jquery/1.10.0-SNAPSHOT/test/data/testinit.js",
        "META-INF/resources/webjars/jquery/1.10.0-SNAPSHOT/test/data/badcall.js",
        "META-INF/resources/webjars/jquery/1.10.0-SNAPSHOT/test/data/json_obj.js",
        "META-INF/resources/webjars/jquery/1.10.0-SNAPSHOT/speed/benchmark.js",
        "META-INF/resources/webjars/jquery/1.10.0-SNAPSHOT/speed/jquery-basis.js",
        "META-INF/resources/webjars/jquery/1.10.0-SNAPSHOT/speed/benchmarker.js",
        "META-INF/resources/webjars/jquery/1.10.0-SNAPSHOT/build/release.js",
        "META-INF/resources/webjars/jquery/1.10.0-SNAPSHOT/build/release-notes.js",
        "META-INF/resources/webjars/jquery/1.10.0-SNAPSHOT/jquery-migrate.js",
        "META-INF/resources/webjars/jquery/1.10.0-SNAPSHOT/Gruntfile.js",
        "META-INF/resources/webjars/jquery/1.10.0-SNAPSHOT/src/ajax.js",
        "META-INF/resources/webjars/jquery/1.10.0-SNAPSHOT/src/sizzle-jquery.js",
        "META-INF/resources/webjars/jquery/1.10.0-SNAPSHOT/src/dimensions.js",
        "META-INF/resources/webjars/jquery/1.10.0-SNAPSHOT/src/manipulation.js",
        "META-INF/resources/webjars/jquery/1.10.0-SNAPSHOT/src/effects.js",
        "META-INF/resources/webjars/jquery/1.10.0-SNAPSHOT/src/traversing.js",
        "META-INF/resources/webjars/jquery/1.10.0-SNAPSHOT/src/offset.js",
        "META-INF/resources/webjars/jquery/1.10.0-SNAPSHOT/src/core.js",
        "META-INF/resources/webjars/jquery/1.10.0-SNAPSHOT/src/wrap.js",
        "META-INF/resources/webjars/jquery/1.10.0-SNAPSHOT/src/deferred.js",
        "META-INF/resources/webjars/jquery/1.10.0-SNAPSHOT/src/event-alias.js",
        "META-INF/resources/webjars/jquery/1.10.0-SNAPSHOT/src/exports.js",
        "META-INF/resources/webjars/jquery/1.10.0-SNAPSHOT/src/data.js",
        "META-INF/resources/webjars/jquery/1.10.0-SNAPSHOT/src/callbacks.js",
        "META-INF/resources/webjars/jquery/1.10.0-SNAPSHOT/src/queue.js",
        "META-INF/resources/webjars/jquery/1.10.0-SNAPSHOT/src/event.js",
        "META-INF/resources/webjars/jquery/1.10.0-SNAPSHOT/src/deprecated.js",
        "META-INF/resources/webjars/jquery/1.10.0-SNAPSHOT/src/css.js",
        "META-INF/resources/webjars/jquery/1.10.0-SNAPSHOT/src/attributes.js",
        "META-INF/resources/webjars/jquery/1.10.0-SNAPSHOT/src/support.js",
        "META-INF/resources/webjars/jquery/1.10.0-SNAPSHOT/src/serialize.js",
        "META-INF/resources/webjars/jquery/1.10.0-SNAPSHOT/src/outro.js",
        "META-INF/resources/webjars/jquery/1.10.0-SNAPSHOT/src/ajax/script.js",
        "META-INF/resources/webjars/jquery/1.10.0-SNAPSHOT/src/ajax/xhr.js",
        "META-INF/resources/webjars/jquery/1.10.0-SNAPSHOT/src/ajax/jsonp.js",
        "META-INF/resources/webjars/jquery/1.10.0-SNAPSHOT/src/intro.js"
      ]
    }
  ]
}